{"eval/recall":0.754098919124604,"eval/confusion_matrix":[[2285,51],[1252,1412]],"eval/precision":0.8055839150656345,"train/train_runtime":181.5212,"_runtime":263.373655125,"_step":11,"train/global_step":960,"train/train_samples_per_second":678.687,"_wandb":{"runtime":264},"_timestamp":1.7574484282969644e+09,"train/train_loss":0.4374019424120585,"train/total_flos":1.7898774835757056e+16,"eval/f1":0.7312057647307388,"eval/runtime":1.4616,"eval/loss":0.7368255257606506,"eval/samples_per_second":3420.964,"train/loss":0.2634,"eval/steps_per_second":54.051,"eval/matthews_correlation":0.5573097613358035,"train/train_steps_per_second":5.289,"train/learning_rate":2.6850000000000002e-05,"eval/confusion_matrix_table":{"sha256":"8ea5ea7b51b13a3f2cb3d219f94044f53d685b97eb45c8563acd311fdcc7434a","size":212,"artifact_path":"wandb-client-artifact://5bf3uz5ok3qsnm5kpxgkgtjzcjh0fby8svonyyfyyp0picmif8h3e6rgo5lod312ltcpzocdkrxuqe5y3qikc2tvj9kklsga6x32bl1p8nrtqlkfg5cgay4u0wq1eyjg/eval/confusion_matrix_table.table.json","_latest_artifact_path":"wandb-client-artifact://95dsao759bwe2r63gxh3oyw4rs9dau19xgm807fddupwz6ib4jqpn12dls4q1ok8ycacov9xody7u4r0chiykma9zu9ur11vm43xdzl4et479o066cglt1b8346lptks:latest/eval/confusion_matrix_table.table.json","path":"media/table/eval/confusion_matrix_table_11_8ea5ea7b51b13a3f2cb3.table.json","ncols":3,"nrows":4,"_type":"table-file"},"eval/accuracy":0.7394,"train/epoch":3.99}