{"eval/recall":0.9174270938765182,"_runtime":405.923202655,"train/train_samples_per_second":670.539,"train/global_step":2056,"eval/loss":0.24536238610744476,"eval/accuracy":0.9180358829084041,"train/loss":0.2708,"_wandb":{"runtime":407},"train/train_runtime":393.0094,"train/learning_rate":1.7045454545454546e-06,"eval/runtime":1.5506,"eval/confusion_matrix_table":{"sha256":"a64b318ce473236da3e4f5377b30308c3420d348532cbd3c5fbaa2607ba7c22a","size":212,"artifact_path":"wandb-client-artifact://hs2u6knopsuhl3hd9wn73akg8b3uki8gc7fpfxh2zkfxtc13m5u5z4mw6fl7knst39l4ym1jkb7z8k3nbywlu1ywmniev4zhudvl399qi45a0y176iurvibr4d1a4syt/eval/confusion_matrix_table.table.json","_latest_artifact_path":"wandb-client-artifact://stfwp2vxg2bxl352l0j7bolhtt1ds7pg9kzwv442npyj9bkvdzyizp5mhbh4x169wo4eiqcjvvf0ciz34d9vaqzcid6ew536yqwpt4dplcafkgkxxf4icvbcfw87ngkg:latest/eval/confusion_matrix_table.table.json","path":"media/table/eval/confusion_matrix_table_26_a64b318ce473236da3e4.table.json","ncols":3,"nrows":4,"_type":"table-file"},"train/train_loss":0.34823544016144153,"eval/samples_per_second":3414.733,"_step":26,"train/total_flos":3.92465924227072e+16,"eval/steps_per_second":53.527,"eval/matthews_correlation":0.8324228999805912,"eval/confusion_matrix":[[2830,242],[192,2031]],"eval/precision":0.9149993463391938,"train/train_steps_per_second":5.231,"train/epoch":3.99,"eval/f1":0.9161260799082465,"_timestamp":1.757448864675056e+09}