{"eval/f1":0.5941372344575278,"eval/accuracy":0.5947271612507664,"train/train_loss":0.4204183260599772,"eval/runtime":10.0505,"train/train_samples_per_second":619.458,"train/epoch":8,"train/global_step":17760,"train/train_runtime":3669.6828,"_runtime":3723.359325587,"eval/precision":0.6028000879338739,"eval/matthews_correlation":0.207628056057902,"eval/samples_per_second":3570.168,"eval/steps_per_second":55.818,"train/train_steps_per_second":4.84,"eval/confusion_matrix":[[9986,5002],[9540,11354]],"train/loss":0.3446,"_step":213,"eval/confusion_matrix_table":{"artifact_path":"wandb-client-artifact://om9lh3xd26a4kgz3j4mcxzv68we4g4d9deioacto1uvg37xoazef3ep2d37u4qrcymlartdzsbvbio8czzvz45l1o1a643cpisgo9ycg6k01idaspr3kiz1j3lyp1ofp/eval/confusion_matrix_table.table.json","_latest_artifact_path":"wandb-client-artifact://v7qvh534ryvgdx0u5ircco78oh3awbtk3cgviabfjjcw260taknpypatik3hg9y6s1nnbp44a0sqkcubpb06efezbemhyf1p26i391xj0gx3ojlj9n02nkkq2ewzrrow:latest/eval/confusion_matrix_table.table.json","path":"media/table/eval/confusion_matrix_table_213_83ca1b2a9c3ce364bde4.table.json","ncols":3,"nrows":4,"_type":"table-file","sha256":"83ca1b2a9c3ce364bde48b4e783cbddc21a1ab2e7f8e0eb1bf27a6ee8ce6afcf","size":215},"eval/recall":0.6048379688403414,"train/total_flos":3.6546074196207206e+17,"eval/loss":1.5448411703109741,"train/learning_rate":1.252983293556086e-07,"_wandb":{"runtime":3724},"_timestamp":1.75752605181863e+09}