{"eval/confusion_matrix":[[6940,1061],[1109,4816]],"train/loss":0.167,"eval/runtime":4.1395,"train/epoch":4,"train/train_steps_per_second":4.713,"eval/recall":0.8401092901362013,"eval/f1":0.8404651833128235,"_timestamp":1.75744813666888e+09,"_runtime":950.041637023,"eval/confusion_matrix_table":{"artifact_path":"wandb-client-artifact://s0jbxsb90zi78adwdj35rxpgrpcma5lf1g41w1m9lg80ki81qtw85rvw8yckzrs9btu1bo5ywwwu72cqmqc7l5vdrx2zyrnnb2bednebwae8nmgb5j7a6mn992h90ukw/eval/confusion_matrix_table.table.json","_latest_artifact_path":"wandb-client-artifact://ab6cnvo7u8zznkacib3jrzcubfvm499cmp1kh7n44dl636t9dgpjz53cmt61wqnjfy65id61jtgdqy5q9zhltrvv4np9u38lzfknrjwsscv3p34ry5orq8xhltirtnsx:latest/eval/confusion_matrix_table.table.json","path":"media/table/eval/confusion_matrix_table_53_131a06f90352acf3b073.table.json","ncols":3,"nrows":4,"_type":"table-file","sha256":"131a06f90352acf3b0734d183437c5574537c81a97b02a43cfbff3778c5cf7c3","size":214},"eval/loss":0.6178349852561951,"train/total_flos":9.153654525683302e+16,"eval/precision":0.8408423114904111,"train/train_runtime":924.2652,"eval/steps_per_second":52.664,"train/train_loss":0.23975578111941054,"_wandb":{"runtime":951},"eval/matthews_correlation":0.6809512070901579,"train/global_step":4356,"eval/accuracy":0.8441763607640385,"_step":53,"train/train_samples_per_second":603.446,"train/learning_rate":5.363528009535161e-07,"eval/samples_per_second":3364.197}