{"eval/steps_per_second":55.079,"train/train_loss":0.19388759018688057,"train/global_step":3652,"eval/recall":0.7571911608093717,"eval/confusion_matrix_table":{"ncols":3,"nrows":4,"_type":"table-file","sha256":"c1edbdaac09db519c4efe889a2db637b2927237ea4e2ce1640aa3936ad663777","size":210,"artifact_path":"wandb-client-artifact://stk3ux1t7rq4bem44x7e9f5y1bsj9pillhl8aceb5duzuxz14yll2i9i59jj9ypee6yq1ptcxaepy3dor973891zmg4yqso4xofu719g1xd5f8dc9e9ebwakdxtp7pjs/eval/confusion_matrix_table.table.json","_latest_artifact_path":"wandb-client-artifact://uahv61t9nw897k4ja5ucfumsl2xtqu35fsbgj4w7d88akpp9bjyi6lqz165c97px9etbyyvkaiki5mrzlgzh69d1m48iyzgtfci7yr6njqgmtmoy50r17t8mfxto1k3c:latest/eval/confusion_matrix_table.table.json","path":"media/table/eval/confusion_matrix_table_44_c1edbdaac09db519c4ef.table.json"},"eval/f1":0.5650487856570481,"train/loss":0.1545,"eval/loss":0.18472303450107574,"train/train_samples_per_second":660.086,"train/epoch":4,"train/total_flos":6.874376524582093e+16,"eval/samples_per_second":3520.137,"train/learning_rate":6.334841628959277e-07,"_timestamp":1.7574369772973087e+09,"_step":44,"eval/runtime":4.4663,"eval/accuracy":0.9707416359241827,"train/train_runtime":708.3807,"eval/confusion_matrix":[[15223,427],[33,39]],"_wandb":{"runtime":731},"eval/precision":0.5407639518737157,"eval/matthews_correlation":0.20478406287187798,"train/train_steps_per_second":5.155,"_runtime":731.070277546}