{"eval/confusion_matrix":[[1188,401],[259,627]],"_wandb":{"runtime":276},"train/learning_rate":9.558823529411764e-07,"train/train_steps_per_second":5.24,"eval/runtime":0.6949,"_step":18,"eval/steps_per_second":56.127,"eval/recall":0.7276574843698281,"eval/precision":0.7154655815466859,"eval/matthews_correlation":0.44295531270411725,"eval/samples_per_second":3561.885,"_runtime":275.810374572,"eval/accuracy":0.7333333333333333,"train/total_flos":2.6106012574416896e+16,"train/train_samples_per_second":669.834,"eval/f1":0.7188905547226387,"train/global_step":1408,"eval/confusion_matrix_table":{"artifact_path":"wandb-client-artifact://q2la6bx7hp9v69b8ss5llv9qbyht059vhc1xtp1cttgm3u26xhvd8xoqvo3rvz5avg2m252opqx9ux8trv77e4y6z399kwtlueqsdx7cok6y345u0cs8i1a26emji3jm/eval/confusion_matrix_table.table.json","_latest_artifact_path":"wandb-client-artifact://niqousrm023rzuon38hlc7h7vwcrv51h9bru11ui26yglf1s6qpmrxcvk7ygjieb8zwpkogmvsq5ktv9awo9pc08ig63kw9h3y6va1c7rghpdt5v1t9zobpnsgz42tj6:latest/eval/confusion_matrix_table.table.json","path":"media/table/eval/confusion_matrix_table_18_52ae76fabe71f0cb465e.table.json","ncols":3,"nrows":4,"_type":"table-file","sha256":"52ae76fabe71f0cb465e9088427136a63fec22e9fc823c71e07dc1a2c5199791","size":211},"train/train_loss":0.5134032598950646,"train/train_runtime":268.7114,"eval/loss":0.5005668997764587,"train/loss":0.3758,"_timestamp":1.7575223053748891e+09,"train/epoch":8}