{"eval/matthews_correlation":0.5420567918173701,"_step":188,"eval/recall":0.7762213298335279,"train/train_samples_per_second":583.544,"train/epoch":4,"_wandb":{"runtime":3538},"eval/samples_per_second":3501.756,"eval/steps_per_second":54.733,"eval/f1":0.7687086593986541,"eval/accuracy":0.7755291066549345,"train/train_runtime":3427.3329,"train/total_flos":3.2014759463642726e+17,"train/learning_rate":6.974835886214442e-08,"eval/confusion_matrix_table":{"path":"media/table/eval/confusion_matrix_table_188_c1761743b1ecea1e597a.table.json","ncols":3,"nrows":4,"_type":"table-file","sha256":"c1761743b1ecea1e597aa06dafb0754ff7fa2b1493e164e593bc19d480821f44","size":217,"artifact_path":"wandb-client-artifact://h1qbmy1fc304bdvbbsuhtctjf9ivtliavvf2hcs899z6fu28zzw86vfrhrsjhvadra89hxfgl31d4ta6p0wdarpzva7skvolyzpkc0jokbxjchp1ykssvy6vagn8to4q/eval/confusion_matrix_table.table.json","_latest_artifact_path":"wandb-client-artifact://5xc3a7vcu6nrv28lfrpuofyafct3n73tj3fe7qv32rv7nsod173pek2yh047jrwui0jdjavxg4tf69mxds88suh81pnsk6h9qaxlw1cmfe7bcvg0wd5y2ndwxjtxky2r:latest/eval/confusion_matrix_table.table.json"},"train/train_steps_per_second":4.559,"eval/confusion_matrix":[[26076,7385],[12003,40908]],"train/loss":0.3175,"_runtime":3535.989355376,"eval/loss":0.5089432597160339,"_timestamp":1.7574457218646507e+09,"train/train_loss":0.3986794852136162,"eval/precision":0.7659330886326026,"train/global_step":15624,"eval/runtime":24.6653}