{"_wandb":{"runtime":2736},"train/loss":0.3177,"train/train_loss":0.3922551492921198,"train/learning_rate":2.4451258876694643e-07,"_timestamp":1.7575219813058562e+09,"eval/steps_per_second":53.496,"eval/recall":0.5923969601305682,"train/train_samples_per_second":636.576,"eval/runtime":8.0006,"_step":161,"eval/confusion_matrix":[[9930,4737],[6245,6442]],"train/train_steps_per_second":4.973,"_runtime":2736.026709295,"train/epoch":8,"train/total_flos":2.790984715820073e+17,"train/train_runtime":2693.146,"eval/matthews_correlation":0.1874623996349925,"train/global_step":13392,"eval/loss":1.2590749263763428,"eval/accuracy":0.5985230679242524,"eval/confusion_matrix_table":{"sha256":"bcf7005b0d6158a3ad77e526aac1695384492a22aaffd7bef29030094db60aaa","size":214,"artifact_path":"wandb-client-artifact://kvv02ofiuxzx24kej2y345uiqxbnsfhcuz3wm3by5lcx4cbatigrwwrb9nsxt50pcek6pvhrubjhtvaztj3iad2x76i1dkezhgsfchxtclr27r284n4d8qcpr8rvozeq/eval/confusion_matrix_table.table.json","_latest_artifact_path":"wandb-client-artifact://99svy2wcslg66hpn27i49xi222nhct4fbf4x7fidj65gpeyfaiwf7xcy7ud4bqr61l5f6mslx3lyhsv1de4dxqivjeu45g5jlt5315fjbc1uyalf2br9db24mz7ddyie:latest/eval/confusion_matrix_table.table.json","path":"media/table/eval/confusion_matrix_table_161_bcf7005b0d6158a3ad77.table.json","ncols":3,"nrows":4,"_type":"table-file"},"eval/samples_per_second":3419.012,"eval/f1":0.5918872970762286,"eval/precision":0.5950847063238052}