{"train/global_step":15624,"train/loss":0.2074,"train/learning_rate":6.564551422319474e-08,"train/train_runtime":3345.2225,"_runtime":3443.270433721,"eval/loss":1.119877815246582,"eval/runtime":23.9236,"train/epoch":4,"eval/confusion_matrix_table":{"size":217,"artifact_path":"wandb-client-artifact://vw3kuqvqub5h60itlgx8eip4noj72b6rzuaflmiz46pdu8e2d16q3t8kswgvw0bx7l3pkeo52zsyyi7miwnzidbzcp7v4l29xn1fsx31vdxa7abt77qj9m8hquobhfzc/eval/confusion_matrix_table.table.json","_latest_artifact_path":"wandb-client-artifact://fk19q91k1ki96k64a3b01eaut6gel7tkqdurtbqt00w3atr8u7gk11dl4u4b03ix81qwr2q9ckc5h4ott8qyjs605zldky9yjgqxam1pn8ev39878kgrleyrzyg6ky9p:latest/eval/confusion_matrix_table.table.json","path":"media/table/eval/confusion_matrix_table_188_42cb5f1216d98203504f.table.json","ncols":3,"nrows":4,"_type":"table-file","sha256":"42cb5f1216d98203504fc335505d9ebbfef8f71bc6be1a5ef952d20f1493f53a"},"eval/matthews_correlation":0.4574307339271034,"train/train_steps_per_second":4.671,"eval/steps_per_second":55.468,"_wandb":{"runtime":3444},"eval/f1":0.7206290332036939,"train/total_flos":3.146749863652229e+17,"eval/samples_per_second":3547.626,"_timestamp":1.7574362207214332e+09,"train/train_loss":0.2597978836868704,"eval/accuracy":0.7332453577151475,"eval/confusion_matrix":[[40134,7016],[15624,22098]],"train/train_samples_per_second":597.868,"_step":188,"eval/precision":0.7394026846941881,"eval/recall":0.718505148144406}