{"train/train_samples_per_second":607.399,"train/loss":0.2096,"_timestamp":1.7574387438893666e+09,"eval/f1":0.726753285988563,"eval/samples_per_second":3465.004,"eval/matthews_correlation":0.4568583758406028,"eval/precision":0.7339538784348929,"train/global_step":7972,"_wandb":{"runtime":1729},"train/epoch":4,"eval/recall":0.7230349598946679,"_runtime":1728.647300849,"eval/steps_per_second":54.185,"eval/runtime":8.028,"train/total_flos":1.6335231854313472e+17,"eval/loss":0.8622856140136719,"train/train_loss":0.27993124092396815,"eval/confusion_matrix":[[6920,4205],[2937,13755]],"train/train_steps_per_second":4.745,"train/learning_rate":3.3562822719449223e-07,"train/train_runtime":1679.9701,"eval/accuracy":0.7432505302512852,"eval/confusion_matrix_table":{"_latest_artifact_path":"wandb-client-artifact://65ugr9eot1lepjry2vxq5agswsat5v50n631myc2oy6dxbpjh0j16ixz75meraadd8vdd2lnv3jxjwxriylrtdxup9qse6n7qr83pd10j5pkpphd5kpl8s0b30dxuwb5:latest/eval/confusion_matrix_table.table.json","path":"media/table/eval/confusion_matrix_table_95_6642ddcdf531111f807f.table.json","ncols":3,"nrows":4,"_type":"table-file","sha256":"6642ddcdf531111f807f366ad54a2782bd07ee6c6425b34d444669c09c068e31","size":215,"artifact_path":"wandb-client-artifact://1xjyf80725kg582fo0x390e5n3k1pu9kueee8n1wnk8s0wqqf773wakwd5qyrd6lu6gs15k3gwqlnrwuzoep22sgvalm3a1olhr3c0mhz4ac0q6t4pbahvhkl7saiy25/eval/confusion_matrix_table.table.json"},"_step":95}