{"eval/confusion_matrix_table":{"_latest_artifact_path":"wandb-client-artifact://arxp6rkhwru0h2b2or3ja5lkxkb0ecmhwjyu7un0q2uwkkvtfdubtidc8701ybquirdy93fhjueqmv6t7757fa5mn56zmf6dumbslivawqto15bklzph7pqgp2oenazt:latest/eval/confusion_matrix_table.table.json","path":"media/table/eval/confusion_matrix_table_79_7de3ac4c2f6b0bcb2e69.table.json","ncols":3,"nrows":4,"_type":"table-file","sha256":"7de3ac4c2f6b0bcb2e697cf355c17e5211efafeea71adac19adc88ab589b7ce7","size":214,"artifact_path":"wandb-client-artifact://otvucnqrfoddjizo5a9ayrmansplpzc6v4nofkaszjhie3d3i6q5xoera8ku2ytb3tiddyden3kb1yt5znuddg6hja1zv3i91p6sp5eeimhg5ertpuvmtq9pt34adqn6/eval/confusion_matrix_table.table.json"},"_wandb":{"runtime":1347},"train/train_runtime":1310.4136,"train/global_step":6528,"train/learning_rate":1.9536903039073806e-07,"_timestamp":1.7574471370378282e+09,"train/epoch":4,"eval/recall":0.6942562683071652,"eval/accuracy":0.7383445607950376,"train/train_steps_per_second":4.982,"train/loss":0.3169,"eval/steps_per_second":51.972,"_step":79,"eval/matthews_correlation":0.36409460166305774,"train/train_samples_per_second":637.753,"eval/confusion_matrix":[[8768,2418],[1505,2302]],"eval/loss":0.5258761644363403,"eval/runtime":4.5216,"eval/f1":0.6785591214706772,"train/train_loss":0.38666125138600665,"train/total_flos":1.3660812197914214e+17,"eval/samples_per_second":3315.827,"_runtime":1346.032477014,"eval/precision":0.6706056645113817}