{"train/global_step":18024,"eval/recall":0.6771966079695363,"train/train_samples_per_second":633.252,"eval/f1":0.6772320844269741,"_timestamp":1.757529826698799e+09,"train/train_loss":0.4830680484513521,"_runtime":3697.937821629,"eval/matthews_correlation":0.35461962560632004,"eval/runtime":9.3745,"eval/samples_per_second":3637.005,"train/epoch":8,"eval/confusion_matrix_table":{"path":"media/table/eval/confusion_matrix_table_218_b14543b529524a703472.table.json","ncols":3,"nrows":4,"_type":"table-file","sha256":"b14543b529524a7034720adda52b7baf1ac4ff61d6d4502d3399fff4a2b8a1f2","size":216,"artifact_path":"wandb-client-artifact://883skr198r9khhsmkenrc0c8atwi8icoz63u7yq538oyfi7warl4d1otxg8k7js4soebyl7g6xpr01lck6o64yoltt6lnqze542sbyqprolfw2kv5bb3lm71yjegjj7j/eval/confusion_matrix_table.table.json","_latest_artifact_path":"wandb-client-artifact://oxwoio6ftgzpzoo3imob95mjujost8a6fcoeo9lo5bqf3mm1x0xol3hfj4rgmby3x2g4q6jx90l5ziwogi401rqoa0ohmto89d9n6eiqim7v4wb6zr0n01y6ka9yyf75:latest/eval/confusion_matrix_table.table.json"},"eval/confusion_matrix":[[11042,5680],[5315,12058]],"eval/steps_per_second":56.857,"eval/loss":0.9113718271255493,"train/total_flos":3.693074826794107e+17,"eval/precision":0.6774230899594681,"train/loss":0.382,"eval/accuracy":0.6775186977562693,"train/learning_rate":5.81531954887218e-08,"train/train_steps_per_second":4.947,"_step":218,"train/train_runtime":3643.3745,"_wandb":{"runtime":3699}}