{"train/train_loss":0.31668369140126923,"eval/matthews_correlation":0.40491703722261685,"train/learning_rate":7.179978118161925e-08,"eval/accuracy":0.7031610575061564,"_step":188,"train/train_steps_per_second":4.738,"train/epoch":4,"eval/f1":0.699329230505348,"train/total_flos":3.215157310007542e+17,"eval/samples_per_second":3517.559,"_wandb":{"runtime":3387},"eval/loss":1.170677661895752,"eval/confusion_matrix":[[19056,7450],[11716,26345]],"train/loss":0.2546,"train/global_step":15624,"train/train_samples_per_second":606.517,"eval/steps_per_second":54.97,"train/train_runtime":3297.5143,"eval/confusion_matrix_table":{"nrows":4,"_type":"table-file","sha256":"c686f893a01adcf8188a20efe243e3237d3c442011b8be1eeda547b300fb10ec","size":217,"artifact_path":"wandb-client-artifact://7axhbbyb7cholcy434ca5l3ag7ig6swo04dxxfbbmhtvx676nrvk9tkff64xkpne1mu5to79vrue8lelvghu482uxln4a8ey40oo4a1ldmi9pq9jreri9nzd4oiojegy/eval/confusion_matrix_table.table.json","_latest_artifact_path":"wandb-client-artifact://ni5u0s6tkye8nfl3s470jg12bqldhywu9x7r7nphkrhh9cjkakkz6ms0mmdqvohqddxjqvlx1yfr3n6xv85nixef9fatnr88jkjo28xdk2p3spvi15ml4jimtk1yfoyo:latest/eval/confusion_matrix_table.table.json","path":"media/table/eval/confusion_matrix_table_188_c686f893a01adcf8188a.table.json","ncols":3},"eval/precision":0.6994087272787556,"eval/runtime":18.3556,"_runtime":3386.061990684,"eval/recall":0.7055549539764422,"_timestamp":1.7574421555341644e+09}